sentence_position,claude,gemini,grok
1,0.17391304347826086,0.391304347826087,0.18981481481481483
2,0.56,0.44,0.45918367346938777
3,0.782608695652174,0.6521739130434783,0.6887755102040817
4,0.8,0.3333333333333333,0.7027027027027027
5,0.6428571428571429,0.7857142857142857,0.7439613526570048
