model1,model2,temperature1,temperature2,2,3,5,7,10,13,15,18,20
Grok,Gemini,0.7,0.7,0.6098231827111984,0.5557522123893806,0.5514691185288827,0.5474894131881428,0.4846949118183661,0.3845268247755008,0.3654922621007573,0.2707212055974166,0.21621621621621623
