sentence_count,model1,model2,accuracy,sample_size,temperature1,temperature2
2,Grok,Gemini,0.6098231827111984,5090,0.7,0.7
3,Grok,Gemini,0.5557522123893806,5085,0.7,0.7
5,Grok,Gemini,0.5514691185288827,5003,0.7,0.7
7,Grok,Gemini,0.5474894131881428,4959,0.7,0.7
10,Grok,Gemini,0.4846949118183661,4933,0.7,0.7
13,Grok,Gemini,0.3845268247755008,4343,0.7,0.7
15,Grok,Gemini,0.3654922621007573,3037,0.7,0.7
18,Grok,Gemini,0.2707212055974166,1858,0.7,0.7
20,Grok,Gemini,0.21621621621621623,1517,0.7,0.7
