Model,Total Tests,Total Correct,Overall Accuracy
Grok,11944,6768,0.5666443402545212
Deepseek,11608,6071,0.5230013783597519
Llama,11944,6151,0.5149866041527127
ChatGPT,11944,5773,0.4833389149363697
Claude,11944,5727,0.4794876088412592
Gemini,11944,5174,0.43318821165438715
