variant_label,1,2,3,4,5,Mean
Allow answer 0,2.314814814814815,8.16326530612245,22.95918367346939,22.162162162162165,33.33333333333333,17.78655185798043
Chain of thought,18.98148148148148,42.3469387755102,60.71428571428571,58.37837837837838,68.59903381642512,49.80402363321618
Numbered sentences,27.314814814814813,36.734693877551024,67.3469387755102,68.64864864864865,74.39613526570048,54.88824627644503
Original design,18.98148148148148,45.91836734693878,68.87755102040816,70.27027027027027,74.39613526570048,55.688761076959835
Original step1 story,9.25925925925926,15.306122448979592,39.285714285714285,30.270270270270274,5.797101449275362,19.983693542699754
Output full sentence,27.314814814814813,47.44897959183674,64.28571428571429,65.4054054054054,72.46376811594203,55.38373644274266
Reveal task objective,37.96296296296296,17.346938775510203,87.24489795918367,31.891891891891895,45.410628019323674,43.971463921774486
